Date,Open,High,Low,Close,Volume,Adj Close
2015-01-14,5.73,5.76,5.7,5.76,236900,4.781301
2015-01-15,5.79,5.79,5.67,5.7,277100,4.731496
2015-01-16,5.68,5.77,5.67,5.77,387600,4.7896019999999995
2015-01-20,5.79,5.81,5.71,5.74,468100,4.764699
2015-01-21,5.64,5.68,5.62,5.65,217400,4.773148
2015-01-22,5.68,5.76,5.64,5.73,464400,4.840732
2015-01-23,5.72,5.75,5.72,5.74,324000,4.8491800000000005
2015-01-26,5.73,5.76,5.71,5.74,242300,4.8491800000000005
2015-01-27,5.68,5.74,5.65,5.72,335600,4.832284
2015-01-28,5.75,5.75,5.58,5.61,384500,4.739356
2015-01-29,5.63,5.64,5.54,5.62,381100,4.747803
2015-01-30,5.59,5.63,5.56,5.57,390500,4.705563
2015-02-02,5.6,5.61,5.52,5.6,1029300,4.730907
2015-02-03,5.66,5.7,5.65,5.68,544800,4.7984919999999995
2015-02-04,5.69,5.74,5.68,5.69,551200,4.80694
2015-02-05,5.7,5.78,5.7,5.75,554700,4.857628
2015-02-06,5.77,5.79,5.71,5.72,373900,4.832284
2015-02-09,5.73,5.76,5.7,5.71,334300,4.823836
2015-02-10,5.75,5.81,5.74,5.79,394500,4.89142
2015-02-11,5.79,5.82,5.78,5.81,347300,4.908316
2015-02-12,5.82,5.89,5.82,5.86,441000,4.950557
2015-02-13,5.87,5.9,5.86,5.88,341800,4.967453
2015-02-17,5.88,5.9,5.85,5.86,355300,4.950557
2015-02-18,5.85,5.89,5.83,5.87,301400,4.959005
2015-02-19,5.84,5.9,5.84,5.89,312900,4.975901
2015-02-20,5.89,5.95,5.87,5.94,406200,5.018141
2015-02-23,5.94,5.95,5.92,5.94,299500,5.018141
2015-02-24,5.92,5.95,5.92,5.94,400900,5.018141
2015-02-25,5.96,5.96,5.92,5.94,447000,5.018141
2015-02-26,5.92,5.96,5.91,5.94,421300,5.018141
2015-02-27,5.93,5.95,5.92,5.93,257900,5.009693
2015-03-02,5.94,5.98,5.93,5.97,246000,5.0434849999999996
2015-03-03,5.95,5.95,5.92,5.94,193600,5.018141
2015-03-04,5.92,5.92,5.88,5.92,203700,5.001245
2015-03-05,5.93,5.94,5.91,5.94,199000,5.018141
2015-03-06,5.93,5.94,5.86,5.88,375500,4.967453
2015-03-09,5.89,5.91,5.85,5.86,666200,4.950557
2015-03-10,5.81,5.83,5.76,5.77,404500,4.874524
2015-03-11,5.8,5.8,5.74,5.75,271200,4.857628
2015-03-12,5.79,5.84,5.77,5.83,290700,4.925212
2015-03-13,5.81,5.82,5.75,5.81,300200,4.908316
2015-03-16,5.82,5.86,5.82,5.85,481000,4.942108
2015-03-17,5.82,5.87,5.82,5.85,357000,4.942108
2015-03-18,5.82,5.94,5.8,5.9,395900,4.984349
2015-03-19,5.86,5.9,5.85,5.86,397400,4.950557
2015-03-20,5.88,5.93,5.88,5.91,436600,4.992797
2015-03-23,5.9,5.93,5.9,5.9,270800,4.984349
2015-03-24,5.91,5.92,5.86,5.88,355000,4.967453
2015-03-25,5.88,5.89,5.79,5.79,512800,4.89142
2015-03-26,5.78,5.8,5.76,5.77,251200,4.874524
2015-03-27,5.76,5.79,5.76,5.78,229400,4.8829720000000005
2015-03-30,5.82,5.89,5.82,5.87,668600,4.959005
2015-03-31,5.85,5.86,5.82,5.84,406500,4.933661
2015-04-01,5.82,5.84,5.8,5.8,561000,4.899868
2015-04-02,5.8,5.85,5.79,5.82,541700,4.916765
2015-04-06,5.77,5.88,5.77,5.86,511800,4.950557
2015-04-07,5.86,5.91,5.86,5.87,342800,4.959005
2015-04-08,5.87,5.9,5.86,5.88,356900,4.967453
2015-04-09,5.89,5.93,5.88,5.92,395700,5.001245
2015-04-10,5.92,5.96,5.91,5.95,545400,5.0265889999999995
2015-04-13,5.95,5.98,5.93,5.93,287800,5.009693
2015-04-14,5.93,5.95,5.91,5.93,492500,5.009693
2015-04-15,5.94,6.01,5.94,6.0,616300,5.068829
2015-04-16,5.96,6.01,5.96,5.99,279900,5.060381
2015-04-17,5.95,5.95,5.9,5.92,358000,5.001245
2015-04-20,5.94,5.99,5.94,5.96,458100,5.035037
2015-04-21,5.99,5.99,5.94,5.98,408200,5.051933
2015-04-22,5.99,6.02,5.96,6.01,440700,5.077278
2015-04-23,6.0,6.03,5.99,6.01,453600,5.077278
2015-04-24,6.0,6.03,5.99,6.01,438000,5.077278
2015-04-27,6.03,6.04,5.97,5.98,444000,5.051933
2015-04-28,6.0,6.04,5.96,6.03,516300,5.094174
2015-04-29,5.89,5.89,5.84,5.88,579600,5.085525
2015-04-30,5.87,5.89,5.82,5.84,559000,5.050929
2015-05-01,5.87,5.9,5.85,5.89,339500,5.0941730000000005
2015-05-04,5.89,5.91,5.87,5.88,378900,5.085525
2015-05-05,5.86,5.89,5.82,5.85,352500,5.059578
2015-05-06,5.85,5.86,5.78,5.8,338500,5.016334
2015-05-07,5.81,5.84,5.79,5.83,184800,5.04228
2015-05-08,5.88,5.91,5.87,5.91,377000,5.111471
2015-05-11,5.9,5.91,5.84,5.85,681400,5.059578
2015-05-12,5.81,5.86,5.79,5.85,653000,5.059578
2015-05-13,5.86,5.88,5.82,5.84,374000,5.050929
2015-05-14,5.88,5.94,5.86,5.94,693900,5.137418
2015-05-15,5.92,5.93,5.89,5.9,318400,5.102822
2015-05-18,5.9,5.92,5.89,5.9,338600,5.102822
2015-05-19,5.92,5.92,5.89,5.91,314700,5.111471
2015-05-20,5.91,5.92,5.89,5.91,314800,5.111471
2015-05-21,5.91,5.93,5.9,5.93,277600,5.128769
2015-05-22,5.92,5.93,5.9,5.9,279300,5.102822
2015-05-26,5.9,5.9,5.81,5.82,425100,5.033632
2015-05-27,5.84,5.93,5.84,5.93,299800,5.128769
2015-05-28,5.92,5.92,5.89,5.91,255100,5.111471
2015-05-29,5.9,5.91,5.86,5.87,275800,5.076876
2015-06-01,5.89,5.89,5.85,5.86,382800,5.068226999999999
2015-06-02,5.84,5.89,5.84,5.86,197400,5.068226999999999
2015-06-03,5.86,5.89,5.84,5.86,282200,5.068226999999999
2015-06-04,5.85,5.87,5.8,5.8,461000,5.016334
2015-06-05,5.81,5.84,5.79,5.83,487800,5.04228
2015-06-08,5.84,5.84,5.79,5.8,263600,5.016334
2015-06-09,5.8,5.83,5.78,5.82,345100,5.033632
2015-06-10,5.86,5.9,5.83,5.9,428100,5.102822
2015-06-11,5.92,5.92,5.89,5.91,288300,5.111471
2015-06-12,5.89,5.89,5.84,5.84,232500,5.050929
2015-06-15,5.83,5.83,5.8,5.81,285100,5.024983
2015-06-16,5.82,5.86,5.81,5.84,257200,5.050929
2015-06-17,5.86,5.89,5.84,5.87,338400,5.076876
2015-06-18,5.87,5.94,5.87,5.93,300100,5.128769
2015-06-19,5.92,5.94,5.89,5.91,270400,5.111471
2015-06-22,5.94,5.95,5.89,5.89,370000,5.0941730000000005
2015-06-23,5.9,5.92,5.9,5.91,490800,5.111471
2015-06-24,5.9,5.93,5.9,5.9,347600,5.102822
2015-06-25,5.92,5.92,5.87,5.88,207800,5.085525
2015-06-26,5.89,5.89,5.83,5.86,276000,5.068226999999999
2015-06-29,5.79,5.81,5.71,5.72,565000,4.947143
2015-06-30,5.73,5.79,5.7,5.75,422300,4.97309
2015-07-01,5.78,5.81,5.76,5.77,460300,4.990387
2015-07-02,5.78,5.8,5.73,5.76,443800,4.981739
2015-07-06,5.69,5.75,5.67,5.7,353500,4.929844999999999
2015-07-07,5.73,5.76,5.65,5.72,474600,4.947143
2015-07-08,5.7,5.72,5.65,5.66,279600,4.89525
2015-07-09,5.7,5.73,5.64,5.64,463700,4.877952
2015-07-10,5.7,5.75,5.7,5.75,222900,4.97309
2015-07-13,5.79,5.82,5.77,5.8,260200,5.016334
2015-07-14,5.8,5.86,5.78,5.85,304100,5.059578
2015-07-15,5.86,5.89,5.83,5.84,359100,5.050929
2015-07-16,5.9,5.92,5.86,5.87,368100,5.076876
2015-07-17,5.88,5.9,5.84,5.85,244600,5.059578
2015-07-20,5.86,5.87,5.84,5.87,270500,5.076876
2015-07-21,5.87,5.89,5.83,5.88,444100,5.085525
2015-07-22,5.87,5.89,5.84,5.89,293500,5.0941730000000005
2015-07-23,5.89,5.89,5.85,5.86,300300,5.068226999999999
2015-07-24,5.86,5.87,5.77,5.82,466700,5.033632
2015-07-27,5.8,5.81,5.76,5.79,819800,5.0076849999999995
2015-07-28,5.8,5.83,5.76,5.83,431300,5.04228
2015-07-29,5.73,5.73,5.69,5.73,444100,5.077726999999999
2015-07-30,5.71,5.74,5.69,5.73,304300,5.077726999999999
2015-07-31,5.74,5.76,5.72,5.74,296900,5.086588
2015-08-03,5.74,5.75,5.68,5.72,191100,5.068865
2015-08-04,5.7,5.72,5.67,5.7,246100,5.051142
2015-08-05,5.71,5.73,5.7,5.73,257700,5.077726999999999
2015-08-06,5.73,5.73,5.66,5.69,272500,5.04228
2015-08-07,5.68,5.68,5.59,5.6,261800,4.962525
2015-08-10,5.63,5.69,5.63,5.66,517000,5.015695
2015-08-11,5.61,5.63,5.59,5.62,272200,4.980249
2015-08-12,5.57,5.66,5.55,5.66,472000,5.015695
2015-08-13,5.64,5.69,5.6,5.61,474600,4.971387
2015-08-14,5.64,5.65,5.6,5.63,311500,4.989111
2015-08-17,5.6,5.64,5.58,5.64,409900,4.997972
2015-08-18,5.61,5.64,5.6,5.63,364500,4.989111
2015-08-19,5.62,5.63,5.56,5.62,403600,4.980249
2015-08-20,5.56,5.57,5.49,5.49,419800,4.865047
2015-08-21,5.44,5.46,5.27,5.31,1304800,4.7055370000000005
2015-08-24,5.0,5.18,4.43,4.98,1194300,4.4131029999999996
2015-08-25,5.13,5.15,5.01,5.06,812800,4.483996
2015-08-26,5.1,5.16,5.01,5.16,830900,4.572613
2015-08-27,5.21,5.29,5.17,5.26,610200,4.6612290000000005
2015-08-28,5.26,5.31,5.23,5.31,228300,4.7055370000000005
2015-08-31,5.3,5.33,5.25,5.31,330000,4.7055370000000005
2015-09-01,5.19,5.25,5.16,5.17,299400,4.581474
2015-09-02,5.22,5.23,5.16,5.22,494700,4.625782
2015-09-03,5.24,5.29,5.22,5.24,421900,4.6435059999999995
2015-09-04,5.18,5.21,5.15,5.2,451500,4.608059
2015-09-08,5.25,5.27,5.21,5.26,692000,4.6612290000000005
2015-09-09,5.32,5.32,5.19,5.19,503400,4.599198
2015-09-10,5.19,5.24,5.17,5.22,504100,4.625782
2015-09-11,5.19,5.22,5.18,5.21,303900,4.616921
2015-09-14,5.24,5.25,5.17,5.21,223500,4.616921
2015-09-15,5.2,5.25,5.18,5.24,682600,4.6435059999999995
2015-09-16,5.24,5.3,5.24,5.29,254900,4.687814
2015-09-17,5.26,5.33,5.26,5.26,454900,4.6612290000000005
2015-09-18,5.23,5.25,5.18,5.22,408500,4.625782
2015-09-21,5.24,5.26,5.18,5.2,375800,4.608059
2015-09-22,5.14,5.16,5.1,5.16,395400,4.572613
2015-09-23,5.16,5.2,5.12,5.17,473500,4.581474
2015-09-24,5.14,5.18,5.1,5.18,674000,4.590336
2015-09-25,5.22,5.23,5.1,5.16,360000,4.572613
2015-09-28,5.12,5.12,4.94,5.07,1054600,4.492858
2015-09-29,4.97,5.0,4.93,4.96,488600,4.39538
2015-09-30,4.99,5.08,4.98,5.08,593300,4.5017190000000005
2015-10-01,5.07,5.08,5.01,5.02,383600,4.44855
2015-10-02,4.95,5.09,4.95,5.07,638300,4.492858
2015-10-05,5.11,5.22,5.11,5.19,584500,4.599198
2015-10-06,5.2,5.22,5.18,5.18,405600,4.590336
2015-10-07,5.19,5.27,5.19,5.2,542500,4.608059
2015-10-08,5.21,5.3,5.21,5.25,478300,4.652368
2015-10-09,5.26,5.31,5.26,5.27,370700,4.670091
2015-10-12,5.27,5.33,5.27,5.29,320900,4.687814
2015-10-13,5.28,5.3,5.23,5.23,343800,4.634644000000001
2015-10-14,5.25,5.29,5.22,5.28,923000,4.678953
2015-10-15,5.29,5.32,5.26,5.31,487700,4.7055370000000005
2015-10-16,5.32,5.39,5.31,5.39,269700,4.776431
2015-10-19,5.36,5.4,5.35,5.39,256400,4.776431
2015-10-20,5.39,5.41,5.36,5.39,247900,4.776431
2015-10-21,5.4,5.42,5.34,5.35,331100,4.740984
2015-10-22,5.38,5.44,5.38,5.41,289600,4.794154
2015-10-23,5.47,5.49,5.43,5.48,389600,4.856186
2015-10-26,5.48,5.49,5.45,5.45,280200,4.829601
2015-10-27,5.44,5.45,5.41,5.41,299000,4.794154
2015-10-28,5.33,5.42,5.31,5.4,1041200,4.903112
2015-10-29,5.39,5.39,5.34,5.37,543500,4.875872
2015-10-30,5.4,5.4,5.32,5.37,370600,4.875872
2015-11-02,5.38,5.44,5.37,5.43,298500,4.930351
2015-11-03,5.42,5.48,5.41,5.46,309800,4.957591000000001
2015-11-04,5.49,5.49,5.43,5.44,199000,4.939431
2015-11-05,5.45,5.47,5.41,5.47,250800,4.966671
2015-11-06,5.46,5.47,5.41,5.43,521900,4.930351
2015-11-09,5.43,5.45,5.35,5.37,429700,4.875872
2015-11-10,5.35,5.4,5.35,5.36,330000,4.866793
2015-11-11,5.39,5.39,5.33,5.33,280700,4.8395529999999995
2015-11-12,5.31,5.32,5.25,5.26,238800,4.775995
2015-11-13,5.25,5.26,5.2,5.21,317500,4.730595
2015-11-16,5.2,5.28,5.2,5.28,410300,4.794154
2015-11-17,5.29,5.33,5.26,5.28,408700,4.794154
2015-11-18,5.31,5.38,5.3,5.34,497500,4.848633
2015-11-19,5.36,5.37,5.31,5.31,722700,4.821394000000001
2015-11-20,5.33,5.37,5.33,5.33,845700,4.8395529999999995
2015-11-23,5.35,5.38,5.33,5.34,487400,4.848633
2015-11-24,5.28,5.37,5.28,5.37,1345900,4.875872
2015-11-25,5.38,5.4,5.36,5.4,285900,4.903112
2015-11-27,5.4,5.41,5.37,5.4,83300,4.903112
2015-11-30,5.41,5.41,5.38,5.4,391200,4.903112
2015-12-01,5.4,5.46,5.39,5.44,381000,4.939431
2015-12-02,5.45,5.45,5.37,5.38,326300,4.884953
2015-12-03,5.38,5.4,5.28,5.31,380800,4.821394000000001
2015-12-04,5.33,5.4,5.33,5.38,376800,4.884953
2015-12-07,5.38,5.38,5.31,5.33,571900,4.8395529999999995
2015-12-08,5.28,5.32,5.27,5.31,330600,4.821394000000001
2015-12-09,5.3,5.34,5.23,5.23,292600,4.748755
2015-12-10,5.21,5.28,5.21,5.25,328500,4.766915
2015-12-11,5.2,5.22,5.12,5.12,487100,4.648877
2015-12-14,5.12,5.15,5.08,5.12,1019100,4.648877
2015-12-15,5.17,5.23,5.16,5.22,591400,4.739675
2015-12-16,5.25,5.33,5.24,5.31,844700,4.821394000000001
2015-12-17,5.34,5.35,5.26,5.26,732200,4.775995
2015-12-18,5.25,5.25,5.2,5.21,756500,4.730595
2015-12-21,5.23,5.25,5.18,5.2,1049800,4.721515
2015-12-22,5.24,5.27,5.2,5.26,607900,4.775995
2015-12-23,5.27,5.4,5.27,5.37,737800,4.875872
2015-12-24,5.37,5.4,5.36,5.4,245400,4.903112
2015-12-28,5.36,5.37,5.32,5.35,368000,4.8577129999999995
2015-12-29,5.36,5.4,5.36,5.39,423800,4.894032
2015-12-30,5.39,5.39,5.35,5.35,578400,4.8577129999999995
2015-12-31,5.31,5.4,5.31,5.35,436000,4.8577129999999995
2016-01-04,5.28,5.28,5.17,5.22,447300,4.739675
2016-01-05,5.25,5.28,5.17,5.17,1586600,4.694276
2016-01-06,5.09,5.12,5.07,5.1,925100,4.630717
2016-01-07,5.0,5.05,4.97,4.98,779200,4.521758999999999
2016-01-08,5.01,5.04,4.9,4.9,848300,4.44912
2016-01-11,4.93,4.95,4.81,4.87,889500,4.421881
2016-01-12,4.92,4.94,4.83,4.91,525800,4.4582
2016-01-13,4.93,4.94,4.71,4.78,1086300,4.340162
2016-01-14,4.78,4.87,4.68,4.87,965900,4.421881
2016-01-15,4.75,4.77,4.65,4.7,1072200,4.267523000000001
2016-01-19,4.75,4.75,4.63,4.68,730500,4.249364
2016-01-20,4.47,4.52,4.33,4.46,851400,4.156176
2016-01-21,4.48,4.58,4.46,4.52,712200,4.212089
2016-01-22,4.58,4.67,4.58,4.67,390300,4.35187
2016-01-25,4.66,4.66,4.55,4.55,244600,4.240044999999999
2016-01-26,4.57,4.64,4.57,4.62,332600,4.305276
2016-01-27,4.62,4.64,4.54,4.55,286900,4.240044999999999
2016-01-28,4.62,4.63,4.56,4.58,230800,4.268001
2016-01-29,4.6,4.73,4.59,4.73,398800,4.407783
2016-02-01,4.67,4.75,4.67,4.73,593700,4.407783
2016-02-02,4.69,4.7,4.63,4.68,385100,4.3611889999999995
2016-02-03,4.69,4.71,4.6,4.64,515400,4.323914
2016-02-04,4.66,4.72,4.64,4.65,545500,4.333233
2016-02-05,4.63,4.66,4.54,4.55,430300,4.240044999999999
2016-02-08,4.5,4.52,4.35,4.4,526700,4.100263
2016-02-09,4.35,4.41,4.32,4.34,530900,4.044351
2016-02-10,4.38,4.42,4.36,4.37,454900,4.072307
2016-02-11,4.29,4.33,4.26,4.31,486800,4.016394
2016-02-12,4.33,4.4,4.33,4.37,562500,4.072307
2016-02-16,4.43,4.48,4.41,4.44,838800,4.137539
2016-02-17,4.52,4.59,4.52,4.56,601700,4.249364
2016-02-18,4.61,4.61,4.55,4.55,430200,4.240044999999999
2016-02-19,4.5,4.53,4.48,4.51,1512800,4.20277
2016-02-22,4.6,4.6,4.54,4.55,1297100,4.240044999999999
2016-02-23,4.55,4.57,4.47,4.51,1322300,4.20277
2016-02-24,4.48,4.55,4.45,4.54,1070900,4.230726
2016-02-25,4.55,4.61,4.54,4.59,795600,4.27732
2016-02-26,4.61,4.65,4.58,4.61,520500,4.295958000000001
2016-02-29,4.57,4.66,4.57,4.58,698100,4.268001
2016-03-01,4.62,4.72,4.61,4.71,703400,4.389146
2016-03-02,4.71,4.77,4.71,4.77,724000,4.445058
2016-03-03,4.78,4.85,4.76,4.85,1071900,4.519608
2016-03-04,4.83,4.86,4.8,4.81,545900,4.482333000000001
2016-03-07,4.8,4.85,4.79,4.84,558000,4.51029
2016-03-08,4.82,4.82,4.77,4.79,425300,4.463696
2016-03-09,4.81,4.84,4.78,4.79,388500,4.463696
2016-03-10,4.84,4.84,4.75,4.8,258700,4.473015
2016-03-11,4.82,4.87,4.82,4.87,575300,4.538246
2016-03-14,4.87,4.89,4.85,4.89,365800,4.556883
2016-03-15,4.84,4.87,4.82,4.85,306500,4.519608
2016-03-16,4.83,4.88,4.82,4.87,343000,4.538246
2016-03-17,4.89,4.94,4.85,4.94,395000,4.603478
2016-03-18,4.95,4.96,4.91,4.94,392800,4.603478
2016-03-21,4.94,4.96,4.91,4.92,280900,4.58484
2016-03-22,4.9,4.96,4.9,4.93,321700,4.594158999999999
2016-03-23,4.93,4.94,4.9,4.91,240400,4.575521
2016-03-24,4.86,4.89,4.86,4.86,334400,4.5289269999999995
2016-03-28,4.87,4.89,4.85,4.86,405000,4.5289269999999995
2016-03-29,4.85,4.93,4.85,4.92,289000,4.58484
2016-03-30,4.94,4.98,4.94,4.95,346400,4.612796
2016-03-31,4.98,5.0,4.96,4.97,502900,4.631434
2016-04-01,4.95,4.98,4.95,4.97,442100,4.631434
2016-04-04,4.97,5.03,4.93,5.03,636900,4.687347
2016-04-05,4.95,4.95,4.88,4.91,463900,4.575521
2016-04-06,4.93,4.98,4.9,4.98,471000,4.640753
2016-04-07,4.96,4.97,4.93,4.97,599300,4.631434
2016-04-08,4.99,5.0,4.94,5.0,350000,4.65939
2016-04-11,5.0,5.01,4.96,4.99,423200,4.650071
2016-04-12,4.98,5.03,4.96,5.02,616600,4.678028
2016-04-13,5.05,5.09,5.01,5.09,979000,4.743258999999999
2016-04-14,5.08,5.11,5.04,5.11,900200,4.761897
2016-04-15,5.09,5.09,5.05,5.07,268800,4.724622
2016-04-18,5.02,5.09,5.02,5.08,552300,4.7339400000000005
2016-04-19,5.12,5.12,5.08,5.12,435400,4.771215
2016-04-20,5.13,5.15,5.1,5.13,393500,4.780533999999999
2016-04-21,5.14,5.14,5.11,5.12,427500,4.771215
2016-04-22,5.12,5.14,5.09,5.14,447500,4.789853
2016-04-25,5.13,5.14,5.09,5.11,455700,4.761897
2016-04-26,5.11,5.14,5.1,5.12,509500,4.771215
2016-04-27,5.0,5.04,5.0,5.03,674400,4.799843
2016-04-28,5.02,5.06,5.0,5.01,856300,4.7807580000000005
2016-04-29,5.03,5.03,4.94,4.99,573300,4.761673
2016-05-02,4.99,5.03,4.98,5.02,437500,4.7903
2016-05-03,5.0,5.0,4.95,4.96,203200,4.733046
2016-05-04,4.94,4.95,4.9,4.91,228000,4.685333999999999
2016-05-05,4.94,4.94,4.88,4.9,470100,4.675791
2016-05-06,4.89,4.9,4.84,4.88,458000,4.656707
2016-05-09,4.88,4.92,4.88,4.89,512400,4.666249
2016-05-10,4.93,4.96,4.91,4.96,510300,4.733046
2016-05-11,4.94,4.96,4.89,4.9,328500,4.675791
2016-05-12,4.95,4.95,4.86,4.87,417600,4.647164
2016-05-13,4.87,4.93,4.85,4.86,371000,4.637622
2016-05-16,4.87,4.93,4.87,4.93,390400,4.704418
2016-05-17,4.89,4.93,4.87,4.89,401400,4.666249
2016-05-18,4.88,4.94,4.87,4.89,335500,4.666249
2016-05-19,4.87,4.9,4.86,4.9,546400,4.675791
2016-05-20,4.91,4.95,4.9,4.9,283400,4.675791
2016-05-23,4.9,4.94,4.9,4.91,274600,4.685333999999999
2016-05-24,4.94,5.02,4.94,5.01,515800,4.7807580000000005
2016-05-25,5.02,5.08,5.01,5.05,437100,4.818928
2016-05-26,5.07,5.07,5.02,5.05,388600,4.818928
2016-05-27,5.05,5.07,5.03,5.04,363400,4.809385
2016-05-31,5.06,5.08,5.03,5.05,174700,4.818928
2016-06-01,5.02,5.08,5.02,5.08,320700,4.847555000000001
2016-06-02,5.05,5.09,5.03,5.08,442900,4.847555000000001
2016-06-03,5.07,5.08,5.04,5.07,263000,4.838013
2016-06-06,5.08,5.11,5.07,5.11,233500,4.876182
2016-06-07,5.09,5.13,5.08,5.13,323000,4.895267
2016-06-08,5.13,5.14,5.11,5.12,302600,4.885725
2016-06-09,5.1,5.12,5.09,5.09,261200,4.857098000000001
2016-06-10,5.06,5.07,5.04,5.05,278800,4.818928
2016-06-13,5.02,5.05,4.99,4.99,204900,4.761673
2016-06-14,4.99,5.02,4.96,4.99,234700,4.761673
2016-06-15,5.0,5.02,4.97,4.98,297300,4.752130999999999
2016-06-16,4.95,4.98,4.93,4.97,519200,4.742588
2016-06-17,4.98,4.98,4.94,4.95,484900,4.723503
2016-06-20,5.0,5.03,4.98,4.98,579600,4.752130999999999
2016-06-21,4.98,5.01,4.98,5.0,338800,4.771216000000001
2016-06-22,5.0,5.03,4.97,4.98,398900,4.752130999999999
2016-06-23,5.02,5.07,5.01,5.04,549600,4.809385
2016-06-24,4.89,4.98,4.87,4.9,791100,4.675791
2016-06-27,4.86,4.87,4.77,4.8,1028600,4.580367
2016-06-28,4.82,4.86,4.81,4.86,483600,4.637622
2016-06-29,4.93,4.98,4.91,4.98,443900,4.752130999999999
2016-06-30,5.01,5.02,4.97,5.02,442800,4.7903
2016-07-01,5.01,5.06,5.01,5.03,262200,4.799843
2016-07-05,5.02,5.02,4.97,4.99,311800,4.761673
2016-07-06,4.98,5.01,4.97,4.98,335400,4.752130999999999
2016-07-07,5.0,5.03,4.98,5.0,279600,4.771216000000001
2016-07-08,5.06,5.08,5.05,5.06,388300,4.828469999999999
2016-07-11,5.09,5.12,5.08,5.08,373700,4.847555000000001
2016-07-12,5.14,5.16,5.13,5.14,247100,4.9048099999999994
2016-07-13,5.14,5.16,5.1,5.12,786300,4.885725
2016-07-14,5.18,5.21,5.14,5.16,685500,4.923894000000001
2016-07-15,5.18,5.18,5.12,5.14,522000,4.9048099999999994
2016-07-18,5.14,5.21,5.12,5.18,643400,4.942979
2016-07-19,5.17,5.19,5.14,5.19,483700,4.952522
2016-07-20,5.2,5.23,5.19,5.23,364300,4.990692
2016-07-21,5.24,5.26,5.2,5.21,618900,4.971607
2016-07-22,5.22,5.24,5.2,5.2,372600,4.962064
2016-07-25,5.22,5.23,5.19,5.23,442400,4.990692
2016-07-26,5.23,5.26,5.22,5.24,641400,5.000234
2016-07-27,5.16,5.17,5.12,5.13,1005300,5.01
2016-07-28,5.14,5.16,5.11,5.16,339200,5.0392980000000005
2016-07-29,5.16,5.19,5.15,5.18,389000,5.05883
2016-08-01,5.2,5.21,5.14,5.14,696100,5.019766000000001
2016-08-02,5.12,5.14,5.05,5.09,466200,4.970936
2016-08-03,5.1,5.13,5.09,5.12,268800,5.000234
2016-08-04,5.13,5.15,5.1,5.12,430800,5.000234
2016-08-05,5.14,5.17,5.13,5.17,499400,5.049065000000001
2016-08-08,5.18,5.18,5.15,5.16,528200,5.0392980000000005
2016-08-09,5.16,5.19,5.16,5.18,389900,5.05883
2016-08-10,5.19,5.19,5.15,5.17,371100,5.049065000000001
2016-08-11,5.16,5.2,5.16,5.18,433600,5.05883
2016-08-12,5.16,5.18,5.15,5.16,489700,5.0392980000000005
2016-08-15,5.17,5.21,5.17,5.18,396400,5.05883
2016-08-16,5.18,5.2,5.15,5.2,526200,5.0783629999999995
2016-08-17,5.18,5.22,5.15,5.2,426400,5.0783629999999995
2016-08-18,5.2,5.21,5.18,5.21,226300,5.088129
2016-08-19,5.2,5.22,5.18,5.2,196500,5.0783629999999995
2016-08-22,5.2,5.24,5.19,5.2,396600,5.0783629999999995
2016-08-23,5.24,5.27,5.2,5.2,664200,5.0783629999999995
2016-08-24,5.26,5.27,5.18,5.19,476300,5.0685970000000005
2016-08-25,5.2,5.23,5.16,5.16,264200,5.0392980000000005
2016-08-26,5.19,5.23,5.15,5.19,344400,5.0685970000000005
2016-08-29,5.19,5.23,5.19,5.21,252800,5.088129
2016-08-30,5.19,5.23,5.19,5.23,278100,5.107661
2016-08-31,5.19,5.22,5.18,5.2,188300,5.0783629999999995
2016-09-01,5.2,5.2,5.14,5.2,618500,5.0783629999999995
2016-09-02,5.22,5.23,5.2,5.21,306100,5.088129
2016-09-06,5.2,5.23,5.18,5.21,408700,5.088129
2016-09-07,5.2,5.24,5.2,5.21,289100,5.088129
2016-09-08,5.21,5.21,5.19,5.21,270500,5.088129
2016-09-09,5.16,5.17,5.09,5.09,619900,4.970936
2016-09-12,5.09,5.15,5.05,5.12,861100,5.000234
2016-09-13,5.08,5.1,5.03,5.06,739000,4.941637999999999
2016-09-14,5.06,5.1,5.02,5.06,451200,4.941637999999999
2016-09-15,5.03,5.1,5.03,5.08,507700,4.96117
2016-09-16,5.08,5.1,5.03,5.08,579800,4.96117
2016-09-19,5.1,5.11,5.05,5.07,513600,4.951404
2016-09-20,5.1,5.11,5.07,5.1,608700,4.980702
2016-09-21,5.14,5.16,5.11,5.16,797600,5.0392980000000005
2016-09-22,5.2,5.2,5.18,5.19,510600,5.0685970000000005
2016-09-23,5.19,5.19,5.15,5.15,791600,5.029532
2016-09-26,5.14,5.14,5.09,5.11,452300,4.990468
2016-09-27,5.11,5.14,5.09,5.14,317200,5.019766000000001
2016-09-28,5.14,5.17,5.14,5.17,352200,5.049065000000001
2016-09-29,5.16,5.18,5.11,5.11,514000,4.990468
2016-09-30,5.17,5.19,5.14,5.18,309000,5.05883
2016-10-03,5.17,5.2,5.17,5.2,308000,5.0783629999999995
2016-10-04,5.19,5.2,5.15,5.18,409700,5.05883
2016-10-05,5.17,5.2,5.17,5.2,325000,5.0783629999999995
2016-10-06,5.19,5.21,5.17,5.21,296200,5.088129
2016-10-07,5.19,5.21,5.17,5.18,261600,5.05883
2016-10-10,5.2,5.23,5.18,5.19,366700,5.0685970000000005
2016-10-11,5.17,5.18,5.11,5.13,404500,5.01
2016-10-12,5.14,5.15,5.1,5.12,359200,5.000234
2016-10-13,5.08,5.08,5.05,5.07,279500,4.951404
2016-10-14,5.08,5.11,5.08,5.09,229100,4.970936
2016-10-17,5.08,5.08,5.03,5.06,525500,4.941637999999999
2016-10-18,5.09,5.09,5.05,5.07,428900,4.951404
2016-10-19,5.07,5.11,5.05,5.05,915500,4.931872
2016-10-20,5.04,5.07,5.02,5.05,807900,4.931872
2016-10-21,5.03,5.11,5.03,5.11,425900,4.990468
2016-10-24,5.12,5.14,5.1,5.12,462800,5.000234
2016-10-25,5.12,5.13,5.11,5.13,318600,5.01
2016-10-26,5.0,5.0,4.94,4.98,606700,4.98
2016-10-27,4.99,5.01,4.96,4.96,274300,4.96
2016-10-28,4.95,4.99,4.92,4.92,413700,4.92
2016-10-31,4.93,4.96,4.89,4.91,757600,4.91
2016-11-01,4.93,4.94,4.84,4.86,364400,4.86
2016-11-02,4.83,4.87,4.82,4.82,358200,4.82
2016-11-03,4.84,4.85,4.76,4.79,399900,4.79
2016-11-04,4.77,4.83,4.76,4.79,430300,4.79
2016-11-07,4.86,4.88,4.84,4.85,604300,4.85
2016-11-08,4.87,4.89,4.85,4.86,369100,4.86
2016-11-09,4.82,4.94,4.81,4.93,813600,4.93
2016-11-10,4.98,4.99,4.92,4.95,819800,4.95
2016-11-11,4.92,4.96,4.91,4.95,528900,4.95
2016-11-14,5.0,5.0,4.92,4.96,741800,4.96
2016-11-15,4.96,5.02,4.96,5.02,648900,5.02
2016-11-16,4.99,5.02,4.98,4.99,550900,4.99
2016-11-17,5.02,5.04,4.99,5.01,622900,5.01
2016-11-18,5.04,5.05,4.98,5.0,703900,5.0
2016-11-21,5.01,5.05,5.01,5.04,981700,5.04
2016-11-22,5.05,5.08,5.05,5.06,1468100,5.06
2016-11-23,5.06,5.11,5.06,5.1,394800,5.1
2016-11-25,5.12,5.14,5.11,5.13,182000,5.13
2016-11-28,5.12,5.13,5.1,5.11,511600,5.11
2016-11-29,5.09,5.1,5.07,5.07,485100,5.07
2016-11-30,5.09,5.11,5.08,5.09,328800,5.09
2016-12-01,5.09,5.1,5.03,5.04,305000,5.04
2016-12-02,5.06,5.06,4.99,5.02,1207700,5.02
2016-12-05,5.06,5.07,5.03,5.05,868700,5.05
2016-12-06,5.05,5.08,5.03,5.08,848400,5.08
2016-12-07,5.08,5.14,5.07,5.14,1177500,5.14
2016-12-08,5.12,5.15,5.1,5.15,2110600,5.15
2016-12-09,5.15,5.18,5.14,5.17,659600,5.17
2016-12-12,5.16,5.17,5.15,5.16,366800,5.16
2016-12-13,5.17,5.2,5.16,5.2,519500,5.2
2016-12-14,5.19,5.2,5.15,5.17,706000,5.17
2016-12-15,5.16,5.2,5.15,5.17,784900,5.17
2016-12-16,5.2,5.21,5.15,5.2,1509900,5.2
2016-12-19,5.2,5.22,5.15,5.19,1158900,5.19
2016-12-20,5.21,5.23,5.19,5.22,813800,5.22
2016-12-21,5.22,5.23,5.2,5.21,569200,5.21
2016-12-22,5.22,5.23,5.19,5.21,670300,5.21
2016-12-23,5.25,5.25,5.19,5.22,636500,5.22
2016-12-27,5.24,5.25,5.21,5.21,384100,5.21
2016-12-28,5.21,5.23,5.17,5.17,955300,5.17
2016-12-29,5.17,5.19,5.17,5.18,823500,5.18
2016-12-30,5.21,5.21,5.15,5.16,631700,5.16
2017-01-03,5.2,5.25,5.17,5.25,2584700,5.25
2017-01-04,5.22,5.32,5.22,5.32,3291400,5.32
2017-01-05,5.3,5.34,5.29,5.33,3373200,5.33
2017-01-06,5.34,5.36,5.31,5.35,1346900,5.35
2017-01-09,5.35,5.36,5.32,5.34,1082100,5.34
2017-01-10,5.34,5.35,5.33,5.34,634800,5.34
2017-01-11,5.34,5.35,5.32,5.34,624500,5.34
2017-01-12,5.32,5.34,5.3,5.33,938400,5.33
2017-01-13,5.32,5.36,5.32,5.35,370200,5.35
